AnmManager,th06::AnmVm,th06::AnmManager
AsciiManager,th06::AsciiManager,th06::StageMenu
BombReimuA,th06::BombData::BombReimuACalc,th06::BombData::BombReimuADraw,th06::BombData::DarkenViewport
BombReimuB,th06::BombData::BombReimuBCalc,th06::BombData::BombReimuBDraw
BombMarisaA,th06::BombData::BombMarisaACalc,th06::BombData::BombMarisaADraw
BombMarisaB,th06::BombData::BombMarisaBCalc,th06::BombData::BombMarisaBDraw
BulletManager,th06::BulletManager
EclManager,th06::EclManager
EffectManager,th06::EffectManager
Ending,th06::Ending
EnemyEclInstr,th06::EnemyEclInstr
EnemyManager,th06::EnemyManager,th06::Enemy
FileAbstraction,th06::FileAbstraction
GameManager,th06::GameManager
Global,th06::Chain,th06::ChainElem,th06::CMyFont,th06::Controller,th06::FileSystem,th06::GameErrorContext,th06::Rng,th06::utils
Gui,th06::Gui,th06::GuiImpl
IPbg3Parser,th06::IPbg3Parser
ItemManager,th06::ItemManager
MainMenu,th06::MainMenu
MidiOutput,th06::MidiDevice,th06::MidiTimer,th06::MidiOutput
MusicRoom,th06::MusicRoom
Pbg3Archive,th06::Pbg3Archive
Pbg3Parser,th06::Pbg3Parser
Player,th06::Player
ReplayManager,th06::ReplayManager
ResultScreen,th06::ResultScreen
ScreenEffect,th06::ScreenEffect
SoundPlayer,th06::SoundPlayer
Stage,th06::Stage,th06::AnmManager::ExecuteAnmIdx
SupervisorPbg3,th06::Supervisor::ReleasePbg3,th06::Supervisor::LoadPbg3
SupervisorConfig,th06::Supervisor::LoadConfig
SupervisorAudio,th06::Supervisor::ReadMidiFile,th06::Supervisor::PlayMidiFile,th06::Supervisor::SetupMidiPlayback,th06::Supervisor::PlayAudio,th06::Supervisor::StopAudio,th06::Supervisor::FadeOutMusic
Supervisor,th06::Supervisor
TextHelper,th06::TextHelper
ZunTimer,th06::ZunTimer,th06::Supervisor
main,WinMain,th06::GameWindow
zwave,th06::CSound,th06::CSoundManager,th06::CStreamingSound,th06::CWaveFile
