address,type,x-text
0x455280,string,"data/capture.anm"
0x455294,string,"data/asciis.anm"
0x4552A4,string,"data/ascii.anm"
0x4552C4,string,"ステージデータが見つかりません。データが壊れています\n"
0x4552FC,widechar,"\x00"
0x455300,string,"data/stage7.std"
0x455310,string,"data/stg7bg.anm"
0x455320,string,"data/stage6.std"
0x455330,string,"data/stg6bg.anm"
0x455340,string,"data/stage5.std"
0x455350,string,"data/stg5bg.anm"
0x455360,string,"data/stage4.std"
0x455370,string,"data/stg4bg.anm"
0x455380,string,"data/stage3.std"
0x455390,string,"data/stg3bg.anm"
0x4553A0,string,"data/stage2.std"
0x4553B0,string,"data/stg2bg.anm"
0x4553C0,string,"data/stage1.std"
0x4553D0,string,"data/stg1bg.anm"
0x4553E0,string,"dummy"
0x4553F8,string,"霊符「夢想封印」"
0x455414,string,"夢符「封魔陣」"
0x455424,string,"魔符「スターダストレヴァリエ」"
0x455454,string,"恋符「マスタースパーク」"
0x455480,string,"敵データの読み込みに失敗しました、データが壊れてるか失われています\n"
0x455540,string,"data/eff04.anm"
0x455550,string,"data/eff05.anm"
0x455560,string,"data/eff03.anm"
0x455570,string,"data/eff02.anm"
0x455580,string,"data/eff01.anm"
0x4555B0,string,"error : エンディングファイルが読み込めない、ファイルが破壊されています\n"
0x4555F8,string,"data/end00b.end"
0x455608,string,"data/end10b.end"
0x455618,string,"data/end01.end"
0x455628,string,"data/end00.end"
0x455638,string,"data/end11.end"
0x455648,string,"data/end10.end"
0x455658,string,"data/staff03.anm"
0x45566C,string,"data/staff02.anm"
0x455680,string,"data/staff01.anm"
0x455694,string,"紅魔郷ED.dat"
0x455790,string,"data/etama4.anm"
0x4557A0,string,"data/etama3.anm"
0x4557B0,string,"data/face12c.anm"
0x4557C4,string,"data/eff07.anm"
0x4557D4,string,"data/eff06.anm"
0x4557EC,string,"♪%s"
0x4557F4,string," "
0x45580C,string,"%.9d"
0x455848,string,"%.2d"
0x455850,string,"%d"
0x455864,string," DEMO PLAY"
0x455870,string,"EXTRA STAGE"
0x45587C,string,"FINAL STAGE"
0x45588C,string,"STAGE %d"
0x4558A0,string,"+%d"
0x4558A4,string,"Spell Card Bonus!"
0x4558BC,string,"Full Power Mode!!"
0x4558D0,string,"BONUS %8d"
0x4558DC,string,"Total     = %8d"
0x4558EC,string,"Player Penalty * 0.5\n"
0x455904,string,"Player Penalty * 0.2\n"
0x45591C,string,"Easy Rank      * 0.5\n"
0x455934,string,"Normal Rank    * 1.0\n"
0x45594C,string,"Hard Rank      * 1.2\n"
0x455964,string,"Lunatic Rank   * 1.5\n"
0x45597C,string,"Extra Rank     * 2.0\n"
0x455994,string,"Bomb      = %8d\n"
0x4559A8,string,"Player    = %8d\n"
0x4559BC,string,"    * Point Item %3d\n"
0x4559D4,string,"Graze *   10 = %5d\n"
0x4559E8,string,"Power *  100 = %5d\n"
0x4559FC,string,"Stage * 1000 = %5d\n"
0x455A10,string,"All Clear!\n\n"
0x455A20,string,"Stage Clear\n\n"
0x455A34,string,"error : メッセージファイル %s が読み込めませんでした\n"
0x455A6C,string,"data/msg1.dat"
0x455A7C,string,"data/face03b.anm"
0x455A90,string,"data/face03a.anm"
0x455AA4,string,"data/msg2.dat"
0x455AB4,string,"data/face05a.anm"
0x455AC8,string,"data/msg3.dat"
0x455AD8,string,"data/face06b.anm"
0x455AEC,string,"data/face06a.anm"
0x455B00,string,"data/msg4.dat"
0x455B10,string,"data/face08b.anm"
0x455B24,string,"data/msg5.dat"
0x455B34,string,"data/face09a.anm"
0x455B48,string,"data/msg6.dat"
0x455B58,string,"data/face10b.anm"
0x455B6C,string,"data/face10a.anm"
0x455B80,string,"data/face09b.anm"
0x455B94,string,"data/msg7.dat"
0x455BA4,string,"data/face12b.anm"
0x455BB8,string,"data/face12a.anm"
0x455BCC,string,"data/face08a.anm"
0x455BE0,string,"data/face00c.anm"
0x455BF4,string,"data/face00b.anm"
0x455C08,string,"data/face00a.anm"
0x455C1C,string,"data/face01c.anm"
0x455C30,string,"data/face01b.anm"
0x455C44,string,"data/face01a.anm"
0x455C58,string,"data/loading.anm"
0x455C6C,string,"data/front.anm"
0x455C84,string,"data/ecldata7.ecl"
0x455C90,string,"data/ecldata6.ecl"
0x455CA4,string,"data/ecldata5.ecl"
0x455CB8,string,"data/ecldata4.ecl"
0x455CCC,string,"data/ecldata3.ecl"
0x455CE0,string,"data/ecldata2.ecl"
0x455CF4,string,"data/ecldata1.ecl"
0x455D08,string,"data/stg7enm2.anm"
0x455D1C,string,"data/stg7enm.anm"
0x455D30,string,"data/stg6enm2.anm"
0x455D44,string,"data/stg6enm.anm"
0x455D58,string,"data/stg5enm2.anm"
0x455D6C,string,"data/stg5enm.anm"
0x455D80,string,"data/stg4enm.anm"
0x455D94,string,"data/stg3enm.anm"
0x455DA8,string,"data/stg2enm2.anm"
0x455DBC,string,"data/stg2enm.anm"
0x455DD0,string,"data/stg1enm2.anm"
0x455DE4,string,"data/stg1enm.anm"
0x455DF8,string,"replay/th6_00.rpy"
0x455E0C,string,"error : 2D表示の初期化に失敗しました\n"
0x455E34,string,"error : エフェクトの初期化に失敗しました\n"
0x455E60,string,"error : 敵頭脳の初期化に失敗しました\n"
0x455E88,string,"error : 敵の初期化に失敗しました\n"
0x455EAC,string,"error : 敵弾の初期化に失敗しました\n"
0x455ED0,string,"data/etama.anm"
0x455EE0,string,"error : プレイヤーの初期化に失敗しました\n"
0x455F0C,string,"error : 背景データの初期化に失敗しました\n"
0x455F38,string,"紅魔郷ST.dat"
0x455F48,string,"紅魔郷CM.dat"
0x455F58,string,"score.dat"
0x455F78,string,"D3DXCreateFontIndirect FALSE"
0x455F98,string,"ok"
0x455F9C,string,"ＭＳ ゴシック"
0x455FAC,string,"wb"
0x455FB4,string,"D3D8.DLL"
0x455FC0,string,"DirectDrawCreateEx"
0x455FD4,string,"Couldn't QI DDraw2\r\n"
0x455FEC,string,"Couldn't create DDraw\r\n"
0x456004,string,"Couldn't LoadLibrary DDraw\r\n"
0x456024,string,"DirectDrawCreate"
0x456038,string,"DDRAW.DLL"
0x456050,string,"詳細ログ --------------------------------------------- \n"
0x45608C,string,"東方動作記録 --------------------------------------------- \n"
0x4560CC,string,"rb"
0x4560DC,string,"Direct3D オブジェクトは何故か作成出来なかった\n"
0x45610C,string,"東方紅魔郷　〜 the Embodiment of Scarlet Devil"
0x45613C,string,"BASE"
0x456144,string,"二つは起動できません\n"
0x45615C,string,"Touhou Koumakyou App"
0x456174,string,"DirextX 8.0 以上をインストールしないと動きません\n"
0x4561A8,string,"./log.txt"
0x4561B4,string,"wt"
0x4561B8,string,"log"
0x4561BC,string,"---------------------------------------------------------- \n"
0x456230,string,"D3DFMT_A8R8G8B8 をサポートしていません、減色モードで動作します\n"
0x456270,string,"ビデオカードが非同期フリップをサポートしていません、Force60Frameで動作できません\n"
0x4562C8,string,"D3DTEXOPCAPS_ADD をサポートしていません、色加算エミュレートモードで動作します\n"
0x456318,string,"T&L HAL で動作しま〜す\n"
0x456330,string,"HAL で動作します\n"
0x456344,string,"REF で動作しますが、重すぎて恐らくゲームになりません...\n"
0x456380,string,"Direct3D の初期化に失敗、これではゲームは出来ません\n"
0x4563B8,string,"バックバッファをロック不可能にしてみます\n"
0x4563E4,string,"リフレッシュレートが変更できません、vsync 非同期に変更します\n"
0x456424,string,"HAL も使用できないようです\n"
0x456440,string,"T&L HAL は使用できないようです\n"
0x456460,string,"リフレッシュレートを60Hzに変更します\n"
0x456488,string,"初回起動、画面を 32Bits で初期化しました\n"
0x4564B4,string,"初回起動、画面を 16Bits で初期化しました\n"
0x4564E0,string,"再起動を要するオプションが変更されたので再起動します\n"
0x456518,string,"東方紅魔郷.cfg"
0x456530,string,"error : MIDI File が読み込めない %s \n"
0x456558,string,"有効なパッドを発見しました\n"
0x456574,string,"DirectInput は正常に初期化されました\n"
0x45659C,string,"DirectInput SetCooperativeLevel が使用できません\n"
0x4565D0,string,"DirectInput SetDataFormat が使用できません\n"
0x4565FC,string,"DirectInput が使用できません\n"
0x456630,string,"%.02ffps"
0x456648,string,"フォルダが書込み禁止属性になっているか、ディスクがいっぱいいっぱいになってませんか？\n"
0x4566A0,string,"ファイルが書き出せません %s\n"
0x4566C0,string,"リファレンスラスタライザを強制します\n"
0x4566E8,string,"ウィンドウモードで起動します\n"
0x456708,string,"テクスチャの色合成を抑制しますn"
0x456728,string,"６０フレーム強制モードにします\n"
0x456748,string,"デプステストを抑制します\n"
0x456764,string,"グーローシェーディングを抑制します\n"
0x456788,string,"ゲーム周りのアイテムの描画を抑制します\n"
0x4567B0,string,"バックバッファの消去を強制します\n"
0x4567D4,string,"16Bit のテクスチャの使用を強制します\n"
0x4567FC,string,"フォグの使用を抑制します\n"
0x456818,string,"頂点バッファの使用を抑制します\n"
0x456838,string,"コンフィグデータが破壊されていたので再初期化しました\n"
0x456870,string,"コンフィグデータが見つからないので初期化しました\n"
0x4568A4,string,"bgm/th06_01.wav"
0x4568B4,string,"error : データのバージョンが違います\n"
0x4568DC,string,"ver%.4x.dat"
0x4568E8,string,"紅魔郷MD.dat"
0x4568F8,string,"error : 文字の初期化に失敗しました\n"
0x45691C,string,"data/text.anm"
0x45692C,string,"data/title/th06logo.jpg"
0x456944,string,"紅魔郷IN.dat"
0x456958,string,"%2d."
0x456964,string,"data/musiccmt.txt"
0x456978,string,"data/music02.anm"
0x45698C,string,"data/music01.anm"
0x4569A0,string,"data/music00.anm"
0x4569B4,string,"data/result/music.jpg"
0x4569D0,string,"data/player00.anm"
0x4569E4,string,"data/player01.anm"
0x456A00,string,"冴月 麟 (風)"
0x456A10,string,"冴月 麟 (花)"
0x456A20,string,"霧雨 魔理沙 (恋)"
0x456A34,string,"霧雨 魔理沙 (魔)"
0x456A48,string,"博麗 霊夢 (夢)"
0x456A58,string,"博麗 霊夢 (霊)"
0x456A68,string,"ABCDEFGHIJKLMNOPQRSTUVWXYZ.\,:;･@abcdefghijklmnopqrstuvwxyz+-/*=%0123456789(){}[]<>#!?'\"$      --"
0x456ACC,string,"    Extra"
0x456AD8,string,"  Lunatic"
0x456AE4,string,"     Hard"
0x456AF0,string,"   Normal"
0x456AFC,string,"     Easy"
0x456B08,string,"      100%%"
0x456B14,string,"    %3.2f%%"
0x456B24,string,"%9d"
0x456B30,string,"MarisaB"
0x456B38,string,"MarisaA"
0x456B40,string,"ReimuB "
0x456B48,string,"ReimuA "
0x456B50,string,"No.%.2d -------- --/--/-- -------         0"
0x456B7C,string,"      %8s"
0x456B88,string,"No.%.2d %8s %8s %7s %9d"
0x456BA0,string,"No.   Name     Date     Player Score"
0x456BD0,string,"%3d/%3d"
0x456BD8,string,"No.%.2d"
0x456BE4,string,"%8s"
0x456BEC,string,"%8s %9d(C)"
0x456BF8,string,"%8s %9d(1)"
0x456C04,string,"%8s %9d(%d)"
0x456C14,string,"%2d"
0x456C18,string,"   %8s"
0x456C24,string,""
0x456C28,string,"        "
0x456C34,string,"replay"
0x456C3C,string,"./replay/th6_%.2d.rpy"
0x456C54,string,"Nanashi "
0x456C60,string,"data/result03.anm"
0x456C74,string,"data/result02.anm"
0x456C88,string,"data/result01.anm"
0x456C9C,string,"data/result00.anm"
0x456CB0,string,"data/result/result.jpg"
0x456CC8,string,"？？？？？"
0x456CD8,string,"data/wav/powerup.wav"
0x456CF0,string,"data/wav/graze.wav"
0x456D04,string,"data/wav/timeout.wav"
0x456D1C,string,"data/wav/extend.wav"
0x456D30,string,"data/wav/kira02.wav"
0x456D44,string,"data/wav/kira01.wav"
0x456D58,string,"data/wav/kira00.wav"
0x456D6C,string,"data/wav/item00.wav"
0x456D80,string,"data/wav/damage00.wav"
0x456D98,string,"data/wav/nep00.wav"
0x456DAC,string,"data/wav/enep01.wav"
0x456DC0,string,"data/wav/lazer01.wav"
0x456DD8,string,"data/wav/lazer00.wav"
0x456DF0,string,"data/wav/cat00.wav"
0x456E04,string,"data/wav/gun00.wav"
0x456E18,string,"data/wav/select00.wav"
0x456E30,string,"data/wav/cancel00.wav"
0x456E48,string,"data/wav/ok00.wav"
0x456E5C,string,"data/wav/tan02.wav"
0x456E70,string,"data/wav/tan01.wav"
0x456E84,string,"data/wav/tan00.wav"
0x456E98,string,"data/wav/power1.wav"
0x456EAC,string,"data/wav/power0.wav"
0x456EC0,string,"data/wav/pldead00.wav"
0x456ED8,string,"data/wav/enep00.wav"
0x456EEC,string,"data/wav/plst00.wav"
0x456F00,string,"DirectSound は正常に初期化されました\n"
0x456F28,string,"DirectSound オブジェクトの初期化が失敗したよ\n"
0x456F58,string,"data"
0x456F60,string,"fmt"
0x456F68,string,"Wav ファイルじゃない? %s\n"
0x456F84,string,"WAVE"
0x456F8C,string,"Wav ファイルじゃない %s\n"
0x456FA8,string,"RIFF"
0x456FB0,string,"error : Sound ファイルが読み込めない データを確認 %s\n"
0x457000,string,"error : イメージがαを持っていません\n"
0x457038,string,"%sが読み込めないです。\n"
0x457050,string,"テクスチャ %s が読み込めません。データが失われてるか壊れています\n"
0x457098,string,"スプライトアニメ %s が読み込めません。データが失われてるか壊れています\n"
0x4570E0,string,"STAGE %d  %.9d"
0x4570F8,string,"Extra "
0x457100,string,"Stage6"
0x457108,string,"Stage5"
0x457110,string,"Stage4"
0x457118,string,"Stage3"
0x457120,string,"Stage2"
0x457128,string,"Stage1"
0x457130,string,"Extra  "
0x457138,string,"Lunatic"
0x457140,string,"Hard   "
0x457148,string,"Normal "
0x457150,string,"Easy   "
0x457158,string,"%s ---------"
0x457168,string,"%s %9d"
0x457170,string,"Stage  LastScore"
0x457184,string,"       %2.3f%%"
0x457194,string,"%s %8s  %8s %7s  %7s"
0x4571AC,string,"No.   Name      Date     Player   Rank"
0x4571D8,string,"bgm/th06_01.mid"
0x4571EC,string,"data/title/title00.jpg"
0x457204,string,"data/title04s.anm"
0x457218,string,"data/title01s.anm"
0x45722C,string,"data/title04.anm"
0x457240,string,"data/title03.anm"
0x457254,string,"data/title02.anm"
0x457268,string,"data/title01.anm"
0045727C,string,"紅魔郷TL.dat"
0x45728C,string,"data/slpl01b.anm"
0x4572A0,string,"data/slpl01a.anm"
0x4572B4,string,"data/slpl00b.anm"
0x4572C8,string,"data/slpl00a.anm"
0x4572DC,string,"data/select05.anm"
0x4572F0,string,"data/select04.anm"
0x457304,string,"data/select03.anm"
0x457318,string,"data/select02.anm"
0x45732C,string,"data/select01.anm"
0x457340,string,"data/title/select00.jpg"
0x457358,string,"data/replay00.anm"
0x45736C,string,"../"
0x457370,string,"User "
0x457378,string,"./replay/%s"
0x457384,string,"th6_ud????.rpy"
0x457394,string,"./replay"
0x4573A0,string,"セレクト画面の読み込みに失敗\n"
0x457468,string,"r"
0x457904,string,"exp"
0x457948,string,"1.0.5"
0x458F2C,string,"zlib version error"
0x458F40,string,"zlib memory error"
0x458F54,string,"Unknown zlib error"
0x458F68,string,"1.1.3"
0x458F70,string,"Incompatible libpng version in application and library"
0x458FA8,string,"Missing PLTE before IDAT"
0x458FC4,string,"Missing IHDR before IDAT"
0x458FE0,string,"PNG file corrupted by ASCII conversion"
0x459008,string,"Not a PNG file"
0x459018,string,"Extra compressed data"
0x459030,string,"Decompression error"
0x459044,string,"Not enough image data"
0x45905C,string,"Invalid attempt to read row data"
0x459080,string,"Width too large for libpng to process image data."
0x4590D8,string,"png_do_dither returned rowbytes=0"
0x4590FC,string,"NULL row buffer"
0x45910C,string,"Width too large to process image data; rowbytes will overflow."
0x459158,string,"Call to NULL read function"
0x459174,string,"same structure. Resetting write_data_fn to NULL."
0x4591A8,string,"It's an error to set both read_data_fn and write_data_fn in the "
0x459448,string,"need dictionary"
0x459458,string,"incorrect data check"
0x459470,string,"incorrect header check"
0x459488,string,"invalid window size"
0x45949C,string,"unknown compression method"
0x4594B8,string,"Out of Memory"
0x459540,string,"invalid chunk type"
0x459554,string,"Ignoring bad adaptive filter type"
0x459578,string,"CRC error"
0x459584,string,"Unknown filter method in IHDR"
0x4595A4,string,"Unknown compression method in IHDR"
0x4595C8,string,"Unknown interlace method in IHDR"
0x4595EC,string,"Invalid color type/bit depth combination in IHDR"
0x459620,string,"Invalid color type in IHDR"
0x45963C,string,"Invalid bit depth in IHDR"
0x459658,string,"Invalid image size in IHDR"
0x459674,string,"Invalid IHDR chunk"
0x459688,string,"Out of place IHDR"
0x45969C,string,"Truncating incorrect tRNS chunk length"
0x4596C4,string,"Invalid palette chunk"
0x4596DC,string,"Duplicate PLTE chunk"
0x4596F4,string,"Invalid PLTE after IDAT"
0x45970C,string,"Missing IHDR before PLTE"
0x459728,string,"Incorrect IEND chunk length"
0x459744,string,"No image in file"
0x459758,string,"Ignoring incorrect gAMA value when sRGB is also present"
0x4597A0,string,"Duplicate gAMA chunk"
0x4597B8,string,"Out of place gAMA chunk"
0x4597D0,string,"Invalid gAMA after IDAT"
0x4597E8,string,"Incorrect gAMA chunk length"
0x459804,string,"Missing IHDR before gAMA"
0x459824,string,"Unknown sRGB intent"
0x459838,string,"Duplicate sRGB chunk"
0x459850,string,"Out of place sRGB chunk"
0x459868,string,"Invalid sRGB after IDAT"
0x459880,string,"Incorrect sRGB chunk length"
0x45989C,string,"Missing IHDR before sRGB"
0x4598B8,string,"tRNS chunk not allowed with alpha channel"
0x4598E4,string,"Incorrect tRNS chunk length"
0x459900,string,"Duplicate tRNS chunk"
0x459918,string,"Invalid tRNS after IDAT"
0x459930,string,"Zero length tRNS chunk"
0x459948,string,"Missing PLTE before tRNS"
0x459964,string,"Missing IHDR before tRNS"
0x459980,string,"unknown critical chunk"
0x459998,string,"Extra compression data"
0x4599B0,string,"Decompression Error"
0x45A14C,string,"invalid bit length repeat"
0x45A168,string,"too many length or distance symbols"
0x45A18C,string,"invalid stored block lengths"
0x45A1AC,string,"invalid block type"
0x45A240,string,"invalid distance code"
0x45A258,string,"invalid literal/length code"
0x45A468,string,"incomplete dynamic bit lengths tree"
0x45A48C,string,"oversubscribed dynamic bit lengths tree"
0x45A4B4,string,"incomplete literal/length tree"
0x45A4D4,string,"oversubscribed literal/length tree"
0x45A4F8,string,"empty distance tree with lengths"
0x45A51C,string,"incomplete distance tree"
0x45A538,string,"oversubscribed distance tree"
0x45A8A0,string,"CorExitProcess"
0x45A8B0,string,"mscoree.dll"
0x45AC74,string,"modf"
0x45AC84,string,"floor"
0x45AC8C,string,"ceil"
0x45ACB0,string,"atan"
0x45ACE0,string,"log10"
0x45ACE8,string,"pow"
0x45B068,string,"Microsoft Visual C++ Runtime Library"
0x45B090,string,"\n\n"
0x45B094,string,"Runtime Error!\n\nProgram: "
0x45B0B0,string,"..."
0x45B0B4,string,"<program name unknown>"
0x45B158,string,"exp2"
0x45B160,string,"exp10"
0x45B168,string,"log2"
0x45EECC,string,"InitializeCriticalSectionAndSpinCount"
0x45EEF4,string,"kernel32.dll"
0x45F0C4,string,"Program: "
0x45F0D0,string,"A buffer overrun has been detected which has corrupted the program's\ninternal state. The program cannot safely continue execution and must\nnow be terminated.\n"
0x45F170,string,"Buffer overrun detected!"
0x45F190,string,"A security error of unknown cause has been detected which has\ncorrupted the program's internal state. The program cannot safely\ncontinue execution and must now be terminated.\n"
0x45F244,string,"Unknown security failure detected!"
0x45F274,string,"GetProcessWindowStation"
0x45F28C,string,"GetUserObjectInformationA"
0x45F2A8,string,"GetLastActivePopup"
0x45F2BC,string,"GetActiveWindow"
0x45F2CC,string,"MessageBoxA"
0x45F2D8,string,"user32.dll"