name,address,type
`vector constructor iterator',0x401000,function
th06::AsciiManager_DeletedCallback,0x401030,function
th06::AsciiManager_CutChain,0x401060,function
D3DXMatrixIdentity,0x401080,function
th06::ZunTimer::Tick,0x4010C0,function
th06::AnmVm::Initialize,0x4010E0,function
th06::AnmManager::InitializeAndSetSprite,0x401180,function
th06::AnmManager::SetAndExecuteScriptIdx,0x4011B0,function
th06::AnmManager::RequestScreenshot,0x4011E0,function
th06::AsciiManager::InitializeVms,0x401220,function
th06::AsciiManager_AddedCallback,0x4012B0,function
th06::AsciiManager::AddString,0x401310,function
th06::AsciiManager::AddFormatText,0x4013B0,function
th06::AsciiManager::DrawStrings,0x4013F0,function
th06::AsciiManager::CreatePopup1,0x4015D0,function
th06::AsciiManager::CreatePopup2,0x401670,function
th06::StageMenu::OnUpdateGameMenu,0x401710,function
th06::StageMenu::OnDrawGameMenu,0x401DA0,function
th06::StageMenu::OnUpdateRetryMenu,0x401E80,function
th06::StageMenu::OnDrawRetryMenu,0x402340,function
th06::AsciiManager::DrawPopupsWithHwVertexProcessing,0x402470,function
th06::AsciiManager::DrawPopupsWithoutHwVertexProcessing,0x4025D0,function
th06::AnmVm::AnmVm,0x402730,function
th06::StageMenu::StageMenu,0x402770,function
th06::AsciiManager_OnUpdate,0x4027F0,function
th06::AsciiManager_OnDrawMenus,0x402880,function
th06::AsciiManager_OnDrawPopups,0x4028C0,function
th06::AsciiManager_RegisterChain,0x4028F0,function
th06::AsciiManager::AsciiManager,0x4029A0,function
th06::Stage_CutChain,0x402A40,function
th06::Stage::UpdateObjects,0x402A70,function
D3DXVECTOR3::operator-,0x402B20,function
th06::AnmManager::ExecuteAnmIdx,0x402B60,function
th06::Stage_OnUpdate,0x402BC0,function
th06::Stage_DeletedCallback,0x4031F0,function
th06::Stage::LoadStageData,0x403240,function
th06::Stage::RenderObjects,0x4033D0,function
th06::Stage::Stage,0x403B00,function
th06::Stage_OnDrawHighPrio,0x403BA0,function
th06::Stage_OnDrawLowPrio,0x403C20,function
th06::Stage_AddedCallback,0x403D70,function
th06::Stage_RegisterChain,0x403E70,function
cosf,0x403F60,function
sinf,0x403F80,function
sqrtf,0x403FA0,function
D3DXVECTOR3::operator+=,0x403FC0,function
D3DXVECTOR3::operator+,0x403FF0,function
D3DXVECTOR3::operator*,0x404030,function
D3DXVECTOR3::operator/,0x404070,function
th06::BombReimuACalc,0x4040C0,function
th06::DarkenViewport,0x404660,function
th06::BombReimuADraw,0x404770,function
th06::BombReimuBCalc,0x4049C0,function
th06::BombReimuBDraw,0x404C80,function
th06::BombMarisaACalc,0x404D30,function
th06::BombMarisaADraw,0x404FF0,function
th06::BombMarisaBCalc,0x4051B0,function
th06::BombMarisaBDraw,0x4053E0,function
th06::EclManager::Load,0x405520,function
atan2f,0x4055A0,function
D3DXVec3Length,0x4055D0,function
th06::Rng::GetRandomU32InRange,0x405630,function
th06::GameManager::RankLerpFloat,0x405650,function
th06::Enemy::ResetRank,0x405680,function
th06::EclManager::Unload,0x4056C0,function
th06::EclManager::CallEclSub,0x4056E0,function
th06::EclGetVar,0x405710,function
th06::EclGetVarFloat,0x4059E0,function
th06::EclSetVar,0x405A10,function
th06::EclMathAdd,0x405A50,function
th06::EclMathSub,0x405B00,function
th06::EclMathMul,0x405BB0,function
th06::EclMathDiv,0x405C70,function
th06::EclMathMod,0x405D20,function
th06::EclMathAtan2,0x405E00,function
th06::EclMoveDirTime,0x405F10,function
th06::EclMovePosTime,0x406010,function
th06::EclMoveTime,0x406150,function
th06::EclManager::RunEcl,0x406250,function
th06::ExInsPatchouliShottypeSetVars,0x408820,function
th06::ExInsStage4Func12,0x408890,function
th06::Rng::GetRandomU16InRange,0x408930,function
th06::ExInsCirnoRainbowBallJank,0x408960,function
th06::ExInsShootAtRandomArea,0x408A70,function
th06::ExInsShootStarPattern,0x408B40,function
th06::ExInsStage56Func4,0x408F20,function
th06::ExInsStage5Func5,0x4092C0,function
th06::ExInsBatWingEffect,0x409660,function
th06::ExInsStage6Func7,0x409A10,function
th06::ExInsStage6Func8,0x409D30,function
th06::ExInsStage6Func9,0x409E30,function
th06::ExInsStage6Func11,0x409FD0,function
th06::ExInsHandleBatTransformation,0x40A0F0,function
th06::ExInsStageXFunc13,0x40A1D0,function
th06::ExInsStageXFunc14,0x40A2C0,function
th06::ExInsStageXFunc15,0x40A3F0,function
th06::ExInsFlandreFinalContextUpdate,0x40A640,function
th06::EffectManager_OnDraw,0x40A740,function
th06::EffectManager_AddedCallback,0x40A7A0,function
th06::EffectManager_DeletedCallback,0x40A840,function
th06::EffectManager_CutChain,0x40A850,function
th06::Effect_RandomSplash,0x40A870,function
th06::Effect_RandomSplashBig,0x40AA20,function
th06::Effect_Still,0x40ABD0,function
th06::Effect_Callback4,0x40ACA0,function
th06::Effect_Attract,0x40AF00,function
th06::Effect_AttractSlow,0x40B030,function
th06::EffectManager::SpawnParticles,0x40B160,function
th06::EffectManager_OnUpdate,0x40B280,function
th06::EffectManager_RegisterChain,0x40B310,function
th06::EffectManager::EffectManager,0x40B3A0,function
th06::Ending::ReadEndFileParameter,0x40B400,function
th06::Ending::FadingEffect,0x40B450,function
th06::Ending_OnDraw,0x40B5A0,function
th06::Ending::LoadEnding,0x40B610,function
th06::Ending_AddedCallback,0x40B6A0,function
th06::Ending_DeletedCallback,0x40B830,function
th06::Ending::Ending,0x40B8C0,function
th06::Ending::ParseEndFile,0x40B970,function
th06::Ending_OnUpdate,0x40C120,function
th06::Ending_RegisterChain,0x40C1A0,function
th06::EnemyManager::SpawnEnemy,0x40C270,function
th06::UpdateEffects,0x40C340,function
th06::Enemy::ResetEffectArray,0x40C3D0,function
th06::Enemy::ClampPos,0x40C420,function
th06::EnemyManager_OnDraw,0x40C4C0,function
th06::EnemyManager_DeletedCallback,0x40C6B0,function
th06::EnemyManager_CutChain,0x40C6D0,function
th06::EnemyManager::Initialize,0x40C6F0,function
th06::EnemyManager::RunEclTimeline,0x40C880,function
th06::Enemy::HandleLifeCallback,0x40CE00,function
th06::Enemy::HandleTimerCallback,0x40CEF0,function
th06::EnemyManager_OnUpdate,0x40D060,function
th06::EnemyManager_AddedCallback,0x40D780,function
th06::EnemyManager_RegisterChain,0x40D820,function
th06::Enemy::Enemy,0x40D8C0,function
th06::EnemyManager::EnemyManager,0x40D9B0,function
th06::DrawBullet,0x40D9F0,function
th06::DrawBulletNoHwVertex,0x40DA90,function
th06::BulletManager_CutChain,0x40DB40,function
th06::BulletManager::SpawnSingleBullet,0x40DB60,function
th06::BulletManager::RemoveAllBullets,0x40E6F0,function
th06::BulletManager::TurnAllBulletsIntoPoints,0x40E840,function
th06::BulletManager::DespawnBullets,0x40E850,function
th06::BulletManager::SpawnBulletPattern,0x40EA10,function
th06::BulletManager::SpawnLaserPattern,0x40EA90,function
th06::BulletManager_OnUpdate,0x40EC30,function
th06::BulletManager_OnDraw,0x40F850,function
th06::BulletManager_AddedCallback,0x40FBE0,function
th06::BulletManager_DeletedCallback,0x40FDE0,function
th06::BulletManager_RegisterChain,0x40FE10,function
th06::BulletTypeSprites::BulletTypeSprites,0x40FEC0,function
th06::Laser::Laser,0x40FFD0,function
th06::BulletManager::BulletManager,0x410050,function
th06::Gui::EndPlayerSpellcard,0x4100D0,function
th06::Gui::EndEnemySpellcard,0x4100DD,function
th06::Gui::IsDialogueSkippable,0x4100EA,function
th06::GuiImpl::MsgRead,0x4100F5,function
th06::Gui::MsgWait,0x4101D5,function
th06::Gui::HasCurrentMsgIdx,0x4101F2,function
th06::Gui_CutChain,0x410203,function
th06::Gui::IsStageFinished,0x410223,function
th06::Gui::ShowBonusScore,0x410240,function
th06::Gui::ShowFullPowerMode,0x4102A7,function
th06::Gui::ShowSpellcardBonus,0x41030E,function
th06::Gui::ShowBombNamePortrait,0x410375,function
th06::Gui::ShowSpellcard,0x41042B,function
th06::Gui::FreeMsgFile,0x4104E7,function
th06::Gui::MsgRead,0x41050A,function
th06::GuiImpl::RunMsg,0x410512,function
th06::GuiImpl::DrawDialogue,0x4109FA,function
th06::Gui::UpdateStageElements,0x410CC3,function
th06::Gui::DrawGameScene,0x4110C6,function
th06::Gui::DrawStageElements,0x411C3C,function
th06::Gui_DeletedCallback,0x411EF4,function
th06::Gui_OnUpdate,0x411F82,function
th06::Gui_OnDraw,0x411FA4,function
th06::Gui::LoadMsg,0x4123C6,function
th06::GuiMsgVm::GuiMsgVm,0x412445,function
th06::Gui::ActualAddedCallback,0x41248F,function
th06::Gui_AddedCallback,0x4129F1,function
th06::GuiImpl::GuiImpl,0x4129FA,function
th06::Gui_RegisterChain,0x412AA2,function
th06::GameManager::IsInBounds,0x412B6C,function
th06::GameManager::OnDraw,0x412BDE,function
fabsf,0x412BF3,function
th06::GameManager_CutChain,0x412C0D,function
th06::GameManager::IncreaseSubrank,0x412C2D,function
th06::GameManager::DecreaseSubrank,0x412C6B,function
th06::GameManager::GameManager,0x412C9F,function
th06::GameManager_AddedCallback,0x412CE1,function
th06::GameManager_DeletedCallback,0x41317F,function
th06::GameManager::SetupCameraStageBackground,0x4131E4,function
th06::GameManager::SetupCamera,0x41330E,function
th06::GameManager_OnUpdate,0x41344F,function
th06::GameManager_RegisterChain,0x4136DA,function
th06::ChainElem::ChainElem,0x413760,function
th06::ChainElem::~ChainElem,0x413780,function
th06::Chain::Chain,0x4137B0,function
th06::Chain::AddToCalcChain,0x413810,function
th06::Chain::AddToDrawChain,0x413880,function
th06::Controller::GetJoystickCaps,0x4138F0,function
th06::Controller::SetButtonFromDirectInputJoystate,0x413900,function
th06::Controller::ResetKeyboard,0x413930,function
th06::CMyFont::Init,0x413970,function
th06::CMyFont::Print,0x413A10,function
th06::CMyFont::Clean,0x413A60,function
th06::FileSystem::WriteDataToFile,0x413A80,function
th06::GameErrorContext::Log,0x413AE0,function
th06::GameErrorContext::Fatal,0x413B60,function
th06::GameErrorContext::DetailedLog,0x413BF0,function
th06::Rng::GetRandomU16,0x413C70,function
th06::Rng::GetRandomU32,0x413CA0,function
th06::Rng::GetRandomF32ZeroToOne,0x413D00,function
th06::utils::AddNormalizeAngle,0x413D80,function
th06::utils::Rotate,0x413E10,function
GetDXVersion,0x413E80,function
th06::Chain::~Chain,0x413FD0,function
th06::Chain::CreateElem,0x414050,function
th06::Chain::Cut,0x4140B0,function
th06::Controller::GetControllerInput,0x414160,function
th06::Controller::GetControllerState,0x4143C0,function
th06::Controller::GetInput,0x414460,function
th06::FileSystem::OpenPath,0x4146F0,function
th06::Chain::RunCalcChain,0x4147F0,function
th06::Chain::RunDrawChain,0x414880,function
th06::Chain::ReleaseSingleChain,0x414910,function
th06::Chain::Release,0x414A60,function
th06::TextHelper::TextHelper,0x414A80,function
th06::TextHelper::ReleaseBuffer,0x414A9A,function
th06::TextHelper::GetFormatInfo,0x414AE1,function
th06::TextHelper::InvertAlpha,0x414B1B,function
th06::TextHelper::CopyTextToSurface,0x414C8E,function
th06::TextHelper_CreateTextBuffer,0x414D30,function
th06::TextHelper_ReleaseTextBuffer,0x414D4A,function
th06::TextHelper::~TextHelper,0x414D61,function
th06::TextHelper::TryAllocateBuffer,0x414D66,function
th06::TextHelper::AllocateBufferWithFallback,0x414E88,function
th06::TextHelper_RenderTextToTexture,0x414ED2,function
th06::ItemManager::MagnetAllItems,0x415080,function
th06::ItemManager::SpawnItem,0x4150A0,function
th06::ItemManager::OnUpdate,0x415200,function
th06::ItemManager::OnDraw,0x415AD0,function
th06::ItemManager::ItemManager,0x415BE0,function
th06::GameWindow_WindowProc,0x415C30,function
th06::GameWindow_InitD3dInterface,0x415D20,function
th06::GameWindow_CreateGameWindow,0x415D50,function
th06::GameErrorContext::Flush,0x415E60,function
th06::AnmManager::ReleaseSurfaces,0x415EC0,function
th06::GameWindow_InitD3dDevice,0x415EF0,function
th06::GameWindow_Present,0x416250,function
th06::GameWindow::Render,0x4162F0,function
th06::GameWindow_InitD3dRendering,0x4166A0,function
WinMain,0x416B60,function
th06::MidiDevice::SendLongMsg,0x416EE0,function
th06::MidiTimer_DefaultTimerCallback,0x416F30,function
th06::GetDeltaTime,0x416F40,function
th06::MidiOutput::LoadTracks,0x416F60,function
th06::MidiOutput::SetFadeOut,0x416FF0,function
th06::MidiOutput::FadeOutSetVolume,0x417020,function
th06::MidiOutput::OpenDevice,0x4170D0,function
th06::MidiOutput::MidiOutput,0x417130,function
th06::MidiOutput::ClearTracks,0x4171D0,function
th06::MidiOutput::ParseFile,0x417230,function
th06::MidiOutput::Play,0x4173E0,function
th06::MidiOutput::UnprepareHeader,0x417450,function
th06::MidiOutput::ProcessMsg,0x4174A0,function
th06::MidiOutput::StopPlayback,0x417B70,function
th06::MidiOutput::TimerElapsed,0x417BF0,function
th06::MidiOutput::~MidiOutput,0x417DF0,function
th06::MidiOutput::ReadFileData,0x417E90,function
th06::MidiOutput::LoadFile,0x417F10,function
th06::MidiOutput::LoadAndPlay,0x417F60,function
th06::MidiOutput::ParseAndPlay,0x417F7E,function
th06::Supervisor_EnumGameControllersCb,0x417F9C,function
th06::Supervisor_ControllerCallback,0x417FCD,function
th06::SetupDInput,0x418023,function
th06::Supervisor_DrawFpsCounter,0x418195,function
th06::AnmManager::ReleaseVertexBuffer,0x418309,function
th06::ZunTimer::Initialize,0x418321,function
th06::ZunTimer::Increment,0x41832E,function
th06::ZunTimer::Decrement,0x4183AE,function
th06::Supervisor::TickTimer,0x41842E,function
th06::CSound::StartFadeOut,0x418481,function
th06::SoundPlayer::FadeOut,0x4184A4,function
th06::Supervisor::LoadConfig,0x4184BE,function
th06::Supervisor::ReadMidiFile,0x418804,function
th06::Supervisor::PlayMidiFile,0x41882E,function
th06::Supervisor::SetupMidiPlayback,0x418854,function
th06::Supervisor::PlayAudio,0x41886B,function
th06::Supervisor::StopAudio,0x41893F,function
th06::Supervisor::FadeOutMusic,0x41896E,function
th06::Supervisor_OnUpdate,0x4189EE,function
th06::Supervisor_OnDraw,0x418C0B,function
th06::Supervisor::ReleasePbg3,0x418C5C,function
th06::Supervisor::LoadPbg3,0x418C90,function
th06::Supervisor_AddedCallback,0x418DB3,function
th06::Supervisor_DeletedCallback,0x418F49,function
th06::Supervisor_RegisterChain,0x419013,function
th06::TrackDescriptor::TrackDescriptor,0x419082,function
th06::MusicRoom::CheckInputEnable,0x419096,function
th06::MusicRoom::ProcessInput,0x4190A6,function
th06::MusicRoom_OnUpdate,0x419297,function
th06::MusicRoom_OnDraw,0x4192E8,function
th06::MusicRoom_AddedCallback,0x41944F,function
th06::MusicRoom_DeletedCallback,0x419871,function
th06::MusicRoom::MusicRoom,0x4198CC,function
th06::MusicRoom_RegisterChain,0x419919,function
th06::DrawBullets,0x4199E0,function
th06::Player::CalcItemBoxCollision,0x419A40,function
th06::Player_OnDrawHighPrio,0x419B20,function
th06::Player::AngleFromPlayer,0x419C70,function
th06::Player::AngleToPlayer,0x419CE0,function
th06::Player_CutChain,0x419D50,function
th06::FireSingleBullet,0x419DB0,function
th06::FireBulletReimuA,0x419FD0,function
th06::FireBulletReimuB,0x41A000,function
th06::FireBulletMarisaA,0x41A030,function
th06::FireBulletMarisaB,0x41A060,function
th06::SpawnBullets,0x41A090,function
th06::UpdatePlayerBullets,0x41A130,function
th06::DrawBulletExplosions,0x41A4B0,function
th06::UpdateFireBulletsTimer,0x41A520,function
th06::Player::CalcDamageToEnemy,0x41A5C0,function
th06::Player::ScoreGraze,0x41AA80,function
th06::Player::Die,0x41AB80,function
th06::Player::HandlePlayerInputs,0x41AC20,function
th06::Player_OnUpdate,0x41B490,function
th06::Player_OnDrawLowPrio,0x41BAB0,function
th06::Player_AddedCallback,0x41BAC0,function
th06::Player_DeletedCallback,0x41BDB0,function
th06::Player_RegisterChain,0x41BDD0,function
th06::PlayerBombInfo::PlayerBombInfo,0x41BEC0,function
th06::Player::CalcKillBoxCollision,0x41BF10,function
th06::Player::CheckGraze,0x41C090,function
th06::Player::CalcLaserHitbox,0x41C230,function
th06::Player::Player,0x41C4C0,function
th06::ReplayManager_OnUpdate,0x41C5C0,function
th06::ReplayManager_OnUpdateDemoLowPrio,0x41C610,function
th06::ReplayManager_OnUpdateDemoHighPrio,0x41C660,function
th06::ReplayManager_OnDraw,0x41C720,function
th06::ValidateReplayData,0x41C730,function
th06::StopRecordingReplay,0x41C7A0,function
th06::ReplayManager_AddedCallback,0x41C7F0,function
th06::ReplayManager_AddedCallbackDemo,0x41C920,function
th06::ReplayManager_DeletedCallback,0x41CAA0,function
th06::ReplayManager_RegisterChain,0x41CB00,function
th06::SaveReplay,0x41CC80,function
th06::ParseCatk,0x41CF90,function
th06::ParseClrd,0x41CFEA,function
th06::ParsePscr,0x41D08F,function
th06::MoveResultCursor,0x41D168,function
th06::MoveReusltCursorHorizontally,0x41D1F4,function
th06::ResultScreen::CheckConfirmButton,0x41D275,function
th06::ResultScreen::DrawFinalStats,0x41D2DE,function
th06::ResultScreen_OnDraw,0x41D4E2,function
th06::ScoreListNode::ScoreListNode,0x41DCDD,function
th06::LinkScore,0x41DCEA,function
th06::FreeAllScores,0x41DD35,function
th06::OpenScore,0x41DD4F,function
th06::GetHighScore,0x41DE17,function
th06::ReleaseScoreDat,0x41DEAE,function
th06::WriteScore,0x41DECD,function
th06::ResultScreen::LinkScoreEx,0x41E11E,function
th06::ResultScreen::FreeScore,0x41E141,function
th06::ResultScreen::HandleResultKeyboard,0x41E15E,function
th06::ResultScreen::HandleReplaySaveKeyboard,0x41E547,function
th06::ResultScreen_AddedCallback,0x41ECDA,function
th06::ResultScreen::`scalar deleting destructor',0x41EF9A,function
th06::ResultScreen::ResultScreen,0x41EFB9,function
th06::ResultScreen::OnUpdate,0x41F022,function
th06::ResultScreen_DeletedCallback,0x41F536,function
th06::ResultScreen_RegisterChain,0x41F5D2,function
th06::ScreenEffect_Clear,0x41F6A0,function
th06::ScreenEffect_SetViewport,0x41F730,function
th06::ScreenEffect_CalcFadeIn,0x41F780,function
th06::ScreenEffect_CalcFadeOut,0x41F800,function
th06::ScreenEffect_ShakeScreen,0x41F880,function
th06::ScreenEffect_AddedCallback,0x41FA50,function
th06::ScreenEffect_DeletedCallback,0x41FA70,function
th06::ScreenEffect_DrawSquare,0x41FAB0,function
th06::ScreenEffect_DrawFadeIn,0x41FCA0,function
th06::ScreenEffect_DrawFadeOut,0x41FD20,function
th06::ScreenEffect_RegisterChain,0x41FD70,function
th06::GetWavFormatData,0x41FEB0,function
th06::SoundPlayer::PlaySoundByIdx,0x41FF00,function
th06::SoundPlayer::PlaySounds,0x41FF50,function
th06::SoundPlayer_BackgroundMusicPlayerThread,0x41FFC0,function
th06::SoundPlayer::InitializeDSound,0x420060,function
th06::SoundPlayer::LoadSound,0x420250,function
th06::SoundPlayer::LoadPos,0x420470,function
th06::SoundPlayer::PlayBGM,0x4204E0,function
th06::SoundPlayer::StopBGM,0x420550,function
th06::SoundPlayer::InitSoundBuffers,0x4205D0,function
th06::SoundPlayer::Release,0x420690,function
th06::SoundPlayer::LoadWav,0x420750,function
th06::AnmManager::~AnmManager,0x420910,function
th06::AnmManager::LoadTextureAlphaChannel,0x420920,function
th06::AnmManager::LoadSprite,0x420BC0,function
th06::AnmManager::SetActiveSprite,0x420C40,function
th06::AnmManager::SetRenderStateForVm,0x420CD0,function
th06::AnmManager::DrawInner,0x420E40,function
th06::AnmManager::DrawNoRotation,0x421140,function
th06::AnmManager::TranslateRotation,0x421250,function
th06::AnmManager::Draw,0x421290,function
th06::AnmManager::DrawFacingCamera,0x4214E0,function
th06::AnmManager::Draw3,0x4215E0,function
th06::AnmManager::Draw2,0x4218B0,function
th06::AnmManager::ExecuteScript,0x421B90,function
th06::AnmManager::DrawVmTextFmt,0x4226B0,function
th06::AnmManager::DrawStringFormat,0x422780,function
th06::AnmManager::DrawStringFormat2,0x422930,function
th06::AnmManager::ReleaseSurface,0x422AF0,function
th06::AnmManager::CopySurfaceToBackBuffer,0x422B40,function
th06::AnmManager::DrawEndingRect,0x422C70,function
th06::AnmManager::TakeScreenshot,0x422DA0,function
th06::AnmManager::SetupVertexBuffer,0x422E60,function
th06::AnmManager::LoadTexture,0x423040,function
th06::AnmManager::ReleaseAnm,0x423110,function
th06::AnmManager::SetAndExecuteScript,0x423260,function
th06::AnmManager::LoadSurface,0x4232C0,function
th06::AnmManager::AnmManager,0x4234B0,function
th06::AnmManager::LoadAnm,0x4235E0,function
th06::MoveCursor,0x423790,function
th06::SwapMapping,0x423850,function
th06::MainMenu::ChoosePracticeLevel,0x4238DF,function
th06::ReleaseTitleAnm,0x4239F0,function
th06::AnmManager::ShouldDraw,0x423A08,function
th06::GameManager::HasReachedMaxClears,0x423A31,function
th06::DrawMenuItem,0x423A67,function
th06::MainMenu::WeirdSecondInputCheck,0x423AFF,function
th06::MainMenu::DrawStartMenu,0x423BEA,function
th06::MainMenu::DrawReplayMenu,0x423F2E,function
th06::MainMenu::ColorMenuItem,0x42417B,function
th06::MainMenu::OnUpdateOptionsMenu,0x42426F,function
th06::MainMenu_OnDraw,0x4247E7,function
th06::LoadTitleAnm,0x424948,function
th06::LoadDiffCharSelect,0x424A73,function
th06::LoadReplayMenu,0x424C49,function
th06::MainMenu_AddedCallback,0x424D33,function
th06::MainMenu_DeletedCallback,0x424EA3,function
th06::MainMenu::MainMenu,0x424F16,function
th06::MainMenu::BeginStartup,0x424F2F,function
th06::MainMenu::ReplayHandling,0x424FEF,function
th06::MainMenu_OnUpdate,0x4255F0,function
th06::MainMenu_RegisterChain,0x4266E9,function
th06::CSoundManager::CSoundManager,0x4267C0,function
th06::CSoundManager::~CSoundManager,0x4267D0,function
th06::CSoundManager::SetPrimaryBufferFormat,0x4267F0,function
th06::CSound::RestoreBuffer,0x4268D0,function
th06::CSound::GetFreeBuffer,0x426950,function
th06::CSound::GetBuffer,0x4269C0,function
th06::CSound::Reset,0x4269E0,function
th06::CStreamingSound::UpdateFadeOut,0x426A20,function
th06::CWaveFile::CWaveFile,0x426A80,function
th06::CWaveFile::ReadMMIO,0x426AA0,function
th06::CWaveFile::GetSize,0x426C30,function
th06::CWaveFile::Close,0x426C40,function
th06::CSoundManager::Initialize,0x426C60,function
th06::CSound::Stop,0x426CC0,function
th06::CWaveFile::~CWaveFile,0x426D10,function
th06::CWaveFile::ResetFile,0x426D50,function
th06::CWaveFile::Read,0x426E90,function
th06::CSound::FillBufferWithSound,0x426FF0,function
th06::CSound::Play,0x427160,function
th06::CStreamingSound::HandleWaveStreamNotification,0x4271F0,function
th06::CStreamingSound::Reset,0x427430,function
th06::CWaveFile::Open,0x4274A0,function
th06::CSound::~CSound,0x427580,function
th06::CStreamingSound::CStreamingSound,0x427620,function
th06::CStreamingSound::~CStreamingSound,0x427690,function
th06::CSoundManager::CreateStreaming,0x4276A0,function
th06::CSound::`scalar deleting destructor',0x4278A0,function
th06::CStreamingSound::`scalar deleting destructor',0x4278C0,function
th06::IPbg3Parser::Reset,0x4278E0,function
th06::Pbg3Archive::ReadVarInt,0x427900,function
th06::Pbg3Archive::ReadMagic,0x427970,function
th06::Pbg3Archive::ReadString,0x4279B0,function
th06::IPbg3Parser::~IPbg3Parser,0x427A00,function
th06::IPbg3Parser::`scalar deleting destructor',0x427A10,function
th06::Pbg3Parser::Pbg3Parser,0x427A30,function
th06::Pbg3Parser::OpenArchive,0x427A90,function
th06::Pbg3Parser::Close,0x427AE0,function
th06::Pbg3Parser::ReadBit,0x427B00,function
th06::Pbg3Parser::ReadInt,0x427B60,function
th06::Pbg3Parser::ReadByte,0x427BE0,function
th06::Pbg3Parser::SeekToOffset,0x427C00,function
th06::Pbg3Parser::SeekToNextByte,0x427C40,function
th06::Pbg3Parser::ReadByteAlignedData,0x427C70,function
th06::Pbg3Parser::GetLastWriteTime,0x427CA0,function
th06::Pbg3Parser::ReadByte,0x427CC0,function
th06::Pbg3Parser::~Pbg3Parser,0x427CD0,function
th06::Pbg3Parser::`scalar deleting destructor',0x427D40,function
th06::Pbg3Archive::Pbg3Archive,0x427D60,function
th06::Pbg3Archive::ParseHeader,0x427D80,function
th06::Pbg3Archive::Release,0x427EC0,function
th06::Pbg3Archive::FindEntry,0x427F10,function
th06::Pbg3Archive::GetEntrySize,0x427F80,function
th06::Pbg3Archive::ReadEntryRaw,0x427FB0,function
th06::Pbg3Archive::~Pbg3Archive,0x428070,function
th06::Pbg3Archive::Load,0x428080,function
th06::Pbg3Archive::ReadDecompressEntry,0x428130,function
th06::FileAbstraction::FileAbstraction,0x428410,function
th06::FileAbstraction::Open,0x428430,function
th06::FileAbstraction::Close,0x4284F0,function
th06::FileAbstraction::Read,0x428520,function
th06::FileAbstraction::Write,0x428550,function
th06::FileAbstraction::ReadByte,0x428580,function
th06::FileAbstraction::WriteByte,0x4285C0,function
th06::FileAbstraction::Seek,0x428600,function
th06::FileAbstraction::Tell,0x428630,function
th06::FileAbstraction::GetSize,0x428650,function
th06::FileAbstraction::ReadWholeFile,0x428670,function
th06::FileAbstraction::~FileAbstraction,0x428700,function