address,type,size
0x430a0a,float,8
0x4552B4,float,4
0x4552B8,float,4
0x4552BC,float,4
0x4552C0,float,4
0x4552FC,float,4
0x4553E8,float,4
0x4553EC,float,4
0x4553F0,float,4
0x4553F4,float,4
0x45540C,float,4
0x455410,float,4
0x455444,float,4
0x455448,float,4
0x45544C,float,4
0x455450,float,4
0x455470,float,4
0x455474,float,4
0x455478,float,4
0x45547C,float,4
0x4554C4,float,4
0x4554C8,float,4
0x4554CC,float,4
0x4554D0,float,4
0x4554D4,float,4
0x4554D8,float,4
0x4554DC,float,4
0x4554E0,float,4
0x4554E4,float,4
0x4554E8,float,4
0x4554EC,float,4
0x4554F0,float,4
0x4554F4,float,4
0x4554F8,float,4
0x4554FC,float,4
0x455500,float,4
0x455504,float,4
0x455508,float,4
0x45550C,float,4
0x455510,float,4
0x455514,float,4
0x455518,float,4
0x45551C,float,4
0x455520,float,4
0x455524,float,4
0x455528,float,4
0x45552C,float,4
0x455530,float,4
0x455534,float,4
0x455538,float,4
0x45553C,float,4
0x455590,float,4
0x455594,float,4
0x455598,float,4
0x45559C,float,4
0x4555A0,float,4
0x4555A4,float,4
0x4555A8,float,4
0x4555AC,float,4
0x4556A4,float,4
0x4556A8,float,4
0x4556AC,float,4
0x455778,float,4
0x45577C,float,4
0x455780,float,4
0x455784,float,4
0x455788,float,4
0x45578C,float,4
0x4557E4,float,4
0x4557E8,float,4
0x4557F8,float,4
0x4557FC,float,4
0x455800,float,4
0x455804,float,4
0x455808,float,4
0x455814,float,4
0x455818,float,4
0x45581C,float,4
0x455820,float,4
0x455824,float,4
0x455828,float,4
0x45582C,float,4
0x455830,float,4
0x455834,float,4
0x455838,float,4
0x45583C,float,4
0x455840,float,4
0x455844,float,4
0x455854,float,4
00455858,float,4
0x45585C,float,4
0x455860,float,4
0x455888,float,4
0x455898,float,4
0x45589C,float,4
0x4558B8,float,4
0x455A30,float,4
0x455F64,float,4
0x455F68,float,4
0x455F6C,float,4
0x455F70,float,8
0x455FB0,float,4
0x4560D0,float,4
0x4560D4,float,4
0x4560D8,float,4
0x456200,float,8
0x456208,float,8
0x456210,float,8
0x456218,float,8
0x456220,float,8
0x456228,float,8
0x45661C,float,4
0x456620,float,4
0x456624,float,4
0x456628,float,4
0x45662C,float,4
0x45663C,float,4
0x456640,float,4
0x456954,float,4
0x456960,float,4
0x4569CC,float,4
0x4569F8,float,4
0x4569FC,float,4
0x456B20,float,4
0x46BCDC,float,4
0x456B28,float,4
0x456B2C,float,4
0x456BA0,float,4
0x456BC8,float,4
0x456BCC,float,4
0x456BE0,float,4
0x456BE8,float,4
0x456C04,float,4
0x456C10,float,4
0x456C20,float,4
0x456CD4,float,4
0x457028,float,4
0x457030,float,8
0x457900,float,4
0x4570F0,float,4
0x4570F4,float,4
0x4571D4,float,4
0x4571E8,float,4
0x4573C0,float,4
0x4573C4,float,4
0x4573C8,float,4
0x4573CC,float,4
0x4573D0,float,4
0x4573D0,float,4
0x4573D4,float,4
0x4573D8,float,4
0x4573DC,float,4
0x4573E0,float,4
0x4573E4,float,4
0x4573E8,float,4
0x4573EC,float,4
0x4573F0,float,4
0x4573F4,float,4
0x4578A4,float,4
0x4578A8,float,4
0x4578AC,float,4
0x4578B0,float,4
0x4578B4,float,4
0x4578B8,float,4
0x457908,float,4
0x457918,float,8
0x457920,float,8
0x457928,float,8
0x457930,float,8
0x457938,float,8
0x45797C,float,4
0x457980,float,4
0x457984,float,4
0x457988,float,4
0x45798C,float,4
0x457990,float,4
0x457994,float,4
0x457998,float,4
0x45799C,float,4
0x4579A0,float,4
0x4579A4,float,4
0x4579A8,float,4
0x4579AC,float,4
0x4579B0,float,4
0x4579B4,float,4
0x4579B8,float,4
0x4590B8,float,8
0x4590C0,float,8
0x4590C8,float,8
0x4590D0,float,8
0x459150,float,8
0x459790,float,8
0x459798,float,8
0x459820,float,4